<?xml version="1.0" encoding="UTF-8"?>
<module xmlns="urn:jboss:module:1.0" name="com.client.quickstart.addressbook.pojos">
    <resources>
        <resource-root path="jdg-remote-cache-materialization-pojos.jar" />
        <!-- Insert resources here -->
    </resources>

    <dependencies>
        <module name="org.infinispan.client.hotrod" slot="jdg-6.6" optional="true" services="export"/>
   	<module name="org.infinispan.protostream" slot="jdg-6.6"  optional="true" services="export"/>

        <module name="org.jboss.teiid.resource-adapter.infinispan.dsl" export="true" />
    </dependencies>
</module>
