<?xml version="1.0" encoding="UTF-8"?>
<module xmlns="urn:jboss:module:1.0" name="com.client.quickstart.addressbook.pojos">
    <resources>
        <resource-root path="jdg-remote-cache-pojos.jar" />
        <!-- Insert resources here -->
    </resources>

    <dependencies>
        <module name="org.infinispan.client.hotrod" slot="jdg-7.0" optional="true" services="export"/>
   	<module name="org.infinispan.protostream" slot="jdg-7.0"  optional="true" services="export"/>

       <module name="org.infinispan.client.hotrod" slot="jdg-6.6" optional="true" services="export"/>
       <module name="org.infinispan.protostream" slot="jdg-6.6"  optional="true" services="export"/>


        <!-- to support Teiid 9.x -->
        <module name="org.jboss.teiid.resource-adapter.infinispan.hotrod" optional="true" export="true" />
        <!-- to support Teiid 8.12.x -->
        <module name="org.jboss.teiid.resource-adapter.infinispan.dsl" optional="true" export="true" />


    </dependencies>
</module>
